{
    "Annelida_Annelida_Annelida_Annelida_Annelida_Annelida": {
        "precision": 0.5714285714285714,
        "recall": 0.7741935483870968,
        "specificity": 0.8021978021978022
    },
    "Arthropoda_Arachnida_Acari_Acari_Acari_Acari": {
        "precision": 0.8125,
        "recall": 0.5842696629213483,
        "specificity": 0.6363636363636364
    },
    "Arthropoda_Arachnida_Arachnida_Arachnida_Arachnida_Arachnida": {
        "precision": 0.18181818181818182,
        "recall": 0.11764705882352941,
        "specificity": 0.9142857142857143
    },
    "Arthropoda_Arachnida_Araneae_Araneae_Araneae_Araneae": {
        "precision": 0.9433962264150944,
        "recall": 0.8695652173913043,
        "specificity": 0.14285714285714285
    },
    "Arthropoda_Arachnida_Opilioacarida_Opilioacarida_Opilioacarida_Opilioacarida": {
        "precision": 1.0,
        "recall": 0.0,
        "specificity": 1.0
    },
    "Arthropoda_Arachnida_Opiliones_Opiliones_Opiliones_Opiliones": {
        "precision": 0.8333333333333334,
        "recall": 0.2,
        "specificity": 0.9722222222222222
    },
    "Arthropoda_Collembola_Collembola_Collembola_Collembola_Collembola": {
        "precision": 0.7023809523809523,
        "recall": 0.7866666666666666,
        "specificity": 0.46808510638297873
    },
    "Arthropoda_Crustacea_Crustacea_Crustacea_Crustacea_Crustacea": {
        "precision": 0.8333333333333334,
        "recall": 0.6666666666666666,
        "specificity": 0.9565217391304348
    },
    "Arthropoda_Insecta_Coleoptera_Coleoptera_Coleoptera_Coleoptera": {
        "precision": 0.9024390243902439,
        "recall": 0.6981132075471698,
        "specificity": 0.5
    },
    "Arthropoda_Insecta_Coleoptera_Scarabaeidae_Canthon_Canthon": {
        "precision": 1.0,
        "recall": 0.0,
        "specificity": 1.0
    },
    "Arthropoda_Insecta_Coleoptera_Scarabaeidae_Canthon_Canthon viridis": {
        "precision": 1.0,
        "recall": 0.0,
        "specificity": 1.0
    },
    "Arthropoda_Insecta_Coleoptera_Scarabaeidae_Scarabaeidae_Scarabaeidae": {
        "precision": 0.3333333333333333,
        "recall": 0.043478260869565216,
        "specificity": 0.9797979797979798
    },
    "Arthropoda_Insecta_Coleoptera_Staphylinidae_Staphylinidae_Staphylinidae": {
        "precision": 0.7804878048780488,
        "recall": 0.49230769230769234,
        "specificity": 0.8421052631578947
    },
    "Arthropoda_Insecta_Coleoptera_Tenebrionidae_Eleodes_Tenebrionidae": {
        "precision": 0.18421052631578946,
        "recall": 0.4117647058823529,
        "specificity": 0.7047619047619048
    },
    "Arthropoda_Insecta_Diptera_Diptera_Diptera_Diptera": {
        "precision": 0.954954954954955,
        "recall": 0.9137931034482759,
        "specificity": 0.16666666666666666
    },
    "Arthropoda_Insecta_Hemiptera_Hemiptera_Hemiptera_Hemiptera": {
        "precision": 0.55,
        "recall": 0.66,
        "specificity": 0.625
    },
    "Arthropoda_Insecta_Hymenoptera_Formicidae_Aphaenogaster_Aphaenogaster": {
        "precision": 1.0,
        "recall": 0.058823529411764705,
        "specificity": 1.0
    },
    "Arthropoda_Insecta_Hymenoptera_Formicidae_Camponotus_Camponotus": {
        "precision": 1.0,
        "recall": 0.13157894736842105,
        "specificity": 1.0
    },
    "Arthropoda_Insecta_Hymenoptera_Formicidae_Crematogaster_Crematogaster": {
        "precision": 1.0,
        "recall": 0.0,
        "specificity": 1.0
    },
    "Arthropoda_Insecta_Hymenoptera_Formicidae_Dorymyrmex_Dorymyrmex": {
        "precision": 0.0,
        "recall": 0.0,
        "specificity": 0.9823008849557522
    },
    "Arthropoda_Insecta_Hymenoptera_Formicidae_Forelius_Forelius": {
        "precision": 0.3333333333333333,
        "recall": 1.0,
        "specificity": 0.9834710743801653
    },
    "Arthropoda_Insecta_Hymenoptera_Formicidae_Formica_Formica": {
        "precision": 0.8888888888888888,
        "recall": 0.2857142857142857,
        "specificity": 0.9893617021276596
    },
    "Arthropoda_Insecta_Hymenoptera_Formicidae_Formicidae_Formicidae": {
        "precision": 1.0,
        "recall": 0.0784313725490196,
        "specificity": 1.0
    },
    "Arthropoda_Insecta_Hymenoptera_Formicidae_Formicinae_Formicinae": {
        "precision": 0.375,
        "recall": 0.125,
        "specificity": 0.9489795918367347
    },
    "Arthropoda_Insecta_Hymenoptera_Formicidae_Myrmicinae_Myrmicinae": {
        "precision": 0.5555555555555556,
        "recall": 0.06493506493506493,
        "specificity": 0.9111111111111111
    },
    "Arthropoda_Insecta_Hymenoptera_Formicidae_Neivamyrmex_Neivamyrmex": {
        "precision": 1.0,
        "recall": 0.2,
        "specificity": 1.0
    },
    "Arthropoda_Insecta_Hymenoptera_Formicidae_Novomessor_Novomessor": {
        "precision": 0.5,
        "recall": 1.0,
        "specificity": 0.9747899159663865
    },
    "Arthropoda_Insecta_Hymenoptera_Formicidae_Pheidole_Pheidole": {
        "precision": 0.5,
        "recall": 0.4,
        "specificity": 0.9642857142857143
    },
    "Arthropoda_Insecta_Hymenoptera_Formicidae_Pogonomyrmex_Pogonomyrmex": {
        "precision": 1.0,
        "recall": 0.11764705882352941,
        "specificity": 1.0
    },
    "Arthropoda_Insecta_Hymenoptera_Formicidae_Solenopsis_Solenopsis": {
        "precision": 0.3333333333333333,
        "recall": 0.07407407407407407,
        "specificity": 0.9578947368421052
    },
    "Arthropoda_Insecta_Hymenoptera_Hymenoptera_Hymenoptera_Hymenoptera": {
        "precision": 0.7857142857142857,
        "recall": 0.275,
        "specificity": 0.8571428571428571
    },
    "Arthropoda_Insecta_Insecta_Insecta_Insecta_Insecta": {
        "precision": 0.4805194805194805,
        "recall": 0.7115384615384616,
        "specificity": 0.42857142857142855
    },
    "Arthropoda_Insecta_Lepidoptera_Lepidoptera_Lepidoptera_Lepidoptera": {
        "precision": 0.2261904761904762,
        "recall": 0.9047619047619048,
        "specificity": 0.3564356435643564
    },
    "Arthropoda_Insecta_Orthoptera_Rhaphidophoridae_Orthoptera_Orthoptera": {
        "precision": 0.8021978021978022,
        "recall": 0.9012345679012346,
        "specificity": 0.5609756097560976
    },
    "Arthropoda_Insecta_Zygentoma_Zygentoma_Zygentoma_Zygentoma": {
        "precision": 1.0,
        "recall": 0.0,
        "specificity": 1.0
    },
    "Arthropoda_Myriapoda_Myriapoda_Myriapoda_Myriapoda_Myriapoda": {
        "precision": 0.8275862068965517,
        "recall": 0.32432432432432434,
        "specificity": 0.8958333333333334
    },
    "Mollusca_Gastropoda_Stylommatophora_Zonitidae_Ventridens_Gastropoda": {
        "precision": 0.6818181818181818,
        "recall": 0.5882352941176471,
        "specificity": 0.8028169014084507
    }
}